{"count":1,"self":74.1311424,"total":257.5352479,"children":{"InitializeActuators":{"count":36,"self":0.0025627,"total":0.0025627,"children":null},"InitializeSensors":{"count":36,"self":0.0015014,"total":0.0015014,"children":null},"AgentSendState":{"count":69651,"self":1.2418152,"total":5.5435965,"children":{"CollectObservations":{"count":501516,"self":0.6047024,"total":0.6047024,"children":null},"WriteActionMask":{"count":501516,"self":0.30504729999999997,"total":0.30504729999999997,"children":null},"RequestDecision":{"count":501516,"self":1.0684696999999999,"total":3.3920315999999997,"children":{"AgentInfo.ToProto":{"count":501516,"self":0.9192285,"total":2.3235619,"children":{"GenerateSensorData":{"count":501516,"self":1.4043333999999998,"total":1.4043333999999998,"children":null}}}}}}},"DecideAction":{"count":69651,"self":176.04398079999999,"total":176.0439806,"children":null},"AgentAct":{"count":69651,"self":1.802306,"total":1.8124668,"children":{"AgentInfo.ToProto":{"count":2484,"self":0.0036285999999999996,"total":0.010160899999999999,"children":{"GenerateSensorData":{"count":2484,"self":0.0065322999999999996,"total":0.0065322999999999996,"children":null}}}}}},"gauges":{"My Behavior.CumulativeReward":{"count":2484,"max":12.0000048,"min":9.000003,"runningAverage":11.8561726,"value":12.0000048,"weightedAverage":12.0000038}},"metadata":{"timer_format_version":"0.1.0","start_time_seconds":"1772726362","unity_version":"6000.3.9f1","command_line_arguments":"C:\\Program Files\\Unity\\Hub\\Editor\\6000.3.9f1\\Editor\\Unity.exe -projectpath D:\\Documents\\GitHub\\MLProject -acceptSoftwareTermsForThisRunOnly -useHub -hubIPC -cloudEnvironment production","communication_protocol_version":"1.5.0","com.unity.ml-agents_version":"4.0.2","scene_name":"Main","end_time_seconds":"1772726620"}}