{"count":1,"self":1447.8091264,"total":1744.2869354,"children":{"InitializeActuators":{"count":16,"self":0.002217,"total":0.002217,"children":null},"InitializeSensors":{"count":16,"self":0.0030122,"total":0.0030122,"children":null},"AgentSendState":{"count":31274,"self":1.8151831999999999,"total":7.7715153,"children":{"CollectObservations":{"count":500384,"self":1.2687153,"total":1.2687153,"children":null},"WriteActionMask":{"count":500384,"self":0.42482909999999996,"total":0.42482909999999996,"children":null},"RequestDecision":{"count":500384,"self":1.3372749,"total":4.2627877,"children":{"AgentInfo.ToProto":{"count":500384,"self":1.182838,"total":2.9255128,"children":{"GenerateSensorData":{"count":500384,"self":1.7426747999999999,"total":1.7426747999999999,"children":null}}}}}}},"DecideAction":{"count":31274,"self":287.77991679999997,"total":287.7799124,"children":null},"AgentAct":{"count":31274,"self":0.8669102,"total":0.8684195,"children":{"AgentInfo.ToProto":{"count":265,"self":0,"total":0.0015092999999999999,"children":{"GenerateSensorData":{"count":265,"self":0.0015092999999999999,"total":0.0015092999999999999,"children":null}}}}},"AgentInfo.ToProto":{"count":3285,"self":0.0212154,"total":0.052773799999999996,"children":{"GenerateSensorData":{"count":3285,"self":0.0315584,"total":0.0315584,"children":null}}}},"gauges":{"My Behavior.CumulativeReward":{"count":3550,"max":5.970002,"min":-2.99992752,"runningAverage":3.38758349,"value":3.95099783,"weightedAverage":3.94161439}},"metadata":{"timer_format_version":"0.1.0","start_time_seconds":"1773781420","unity_version":"6000.3.9f1","command_line_arguments":"C:\\Program Files\\Unity\\Hub\\Editor\\6000.3.9f1\\Editor\\Unity.exe -projectpath D:\\Documents\\GitHub\\MLProject -acceptSoftwareTermsForThisRunOnly -useHub -hubIPC -cloudEnvironment production","communication_protocol_version":"1.5.0","com.unity.ml-agents_version":"4.0.2","scene_name":"Main","end_time_seconds":"1773783164"}}