{"count":1,"self":53.768256,"total":277.7781589,"children":{"InitializeActuators":{"count":9,"self":0.0020068,"total":0.0020068,"children":null},"InitializeSensors":{"count":9,"self":0.001318,"total":0.001318,"children":null},"AgentSendState":{"count":33534,"self":1.069772,"total":6.8511790999999995,"children":{"CollectObservations":{"count":301806,"self":2.4019812,"total":2.4019813,"children":null},"WriteActionMask":{"count":301806,"self":0.2364133,"total":0.2364133,"children":null},"RequestDecision":{"count":301806,"self":0.8525353,"total":3.1430124999999998,"children":{"AgentInfo.ToProto":{"count":301806,"self":0.8029094,"total":2.2904771999999998,"children":{"GenerateSensorData":{"count":301806,"self":1.4875677999999999,"total":1.4875677999999999,"children":null}}}}}}},"DecideAction":{"count":33534,"self":212.33141759999998,"total":212.33141469999998,"children":null},"AgentAct":{"count":33534,"self":4.7890048,"total":4.7890049999999995,"children":null},"AgentInfo.ToProto":{"count":2262,"self":0.0098187999999999991,"total":0.034977999999999995,"children":{"GenerateSensorData":{"count":2262,"self":0.0251592,"total":0.0251592,"children":null}}}},"gauges":{"My Behavior.CumulativeReward":{"count":2262,"max":14.3234625,"min":-20.9865341,"runningAverage":-0.282023042,"value":-2.29451847,"weightedAverage":2.26435375}},"metadata":{"timer_format_version":"0.1.0","start_time_seconds":"1774545752","unity_version":"6000.3.9f1","command_line_arguments":"C:\\Program Files\\Unity\\Hub\\Editor\\6000.3.9f1\\Editor\\Unity.exe -projectpath D:\\Documents\\GitHub\\MLProject -acceptSoftwareTermsForThisRunOnly -useHub -hubIPC -cloudEnvironment production","communication_protocol_version":"1.5.0","com.unity.ml-agents_version":"4.0.2","scene_name":"Main","end_time_seconds":"1774546030"}}