{"count":1,"self":5050.128384,"total":5858.1046634999993,"children":{"InitializeActuators":{"count":12,"self":0.0026173999999999998,"total":0.0026173999999999998,"children":null},"InitializeSensors":{"count":12,"self":0.0015083,"total":0.0015083,"children":null},"AgentSendState":{"count":82364,"self":3.9916039999999997,"total":18.2498529,"children":{"CollectObservations":{"count":988368,"self":3.2691415999999998,"total":3.2691417,"children":null},"WriteActionMask":{"count":988368,"self":0.9729949,"total":0.9729949,"children":null},"RequestDecision":{"count":988368,"self":2.8607299999999998,"total":10.016112099999999,"children":{"AgentInfo.ToProto":{"count":988368,"self":2.611134,"total":7.1553822,"children":{"GenerateSensorData":{"count":988368,"self":4.544248,"total":4.5442481,"children":null}}}}}}},"DecideAction":{"count":82364,"self":783.7553664,"total":783.75535619999994,"children":null},"AgentAct":{"count":82364,"self":5.8861756,"total":5.9600044,"children":{"AgentInfo.ToProto":{"count":4535,"self":0.026468799999999997,"total":0.0738289,"children":{"GenerateSensorData":{"count":4535,"self":0.047360099999999995,"total":0.047360099999999995,"children":null}}}}},"AgentInfo.ToProto":{"count":520,"self":0.0040272,"total":0.0069045999999999995,"children":{"GenerateSensorData":{"count":520,"self":0.0028774,"total":0.0028774,"children":null}}}},"gauges":{"My Behavior.CumulativeReward":{"count":5055,"max":60.9317551,"min":-20.6714287,"runningAverage":8.882291,"value":4.23954773,"weightedAverage":10.4092474}},"metadata":{"timer_format_version":"0.1.0","start_time_seconds":"1773973367","unity_version":"6000.3.9f1","command_line_arguments":"C:\\Program Files\\Unity\\Hub\\Editor\\6000.3.9f1\\Editor\\Unity.exe -projectpath D:\\Documents\\GitHub\\MLProject -acceptSoftwareTermsForThisRunOnly -useHub -hubIPC -cloudEnvironment production","communication_protocol_version":"1.5.0","com.unity.ml-agents_version":"4.0.2","scene_name":"Main","end_time_seconds":"1773979225"}}